<CodeSystem xmlns="http://hl7.org/fhir">
  <id value="PDS-RegistrationExitCode" />
  <url value="https://fhir.nhs.uk/CodeSystem/PDS-RemovalReasonExitCode" />
  <version value="1.0.0" />
  <name value="PDSRemovalReasonExitCode" />
  <title value="PDS Removal Reason Exit Code" />
  <status value="draft" />
  <date value="2022-02-15T00:00:00+00:00" />
  <publisher value="NHS Digital" />
  <contact>
    <name value="NHS Digital" />
    <telecom>
      <system value="email" />
      <value value="interoperabilityteam@nhs.net" />
      <use value="work" />
    </telecom>
  </contact>
  <description value="A CodeSystem that identifies the reason a PDS record has been removed." />
  <copyright value="Copyright © 2022 NHS Digital" />
  <caseSensitive value="true" />
  <content value="complete" />
  <count value="6" />
  <concept>
    <code value="DEA" />
    <display value="Death" />
  </concept>
  <concept>
    <code value="EMB" />
    <display value="Embarkation" />
  </concept>
  <concept>
    <code value="SCT" />
    <display value="Transferred to Scotland" />
  </concept>
  <concept>
    <code value="NIT" />
    <display value="Transferred to Northern Ireland" />
  </concept>
  <concept>
    <code value="TRA" />
    <display value="Temporary resident not returned" />
  </concept>
  <concept>
    <code value="ORR" />
    <display value="Other Reason" />
  </concept>
</CodeSystem>