{
  "resourceType": "Patient",
  "id": "UKCore-Patient-Extension-ContactPreference-Example",
  "extension": [
    {
      "url": "https://fhir.hl7.org.uk/StructureDefinition/Extension-UKCore-ContactPreference",
      "extension": [
        {
          "url": "PreferredContactMethod",
          "valueCodeableConcept": {
            "coding": [
              {
                "system": "https://fhir.hl7.org.uk/CodeSystem/UKCore-PreferredContactMethod",
                "code": "3",
                "display": "Telephone"
              }
            ]
          }
        },
        {
          "url": "PreferredContactTimes",
          "valuePeriod": {
            "start": "2017-01-01T00:00:00.000Z"
          }
        },
        {
          "url": "PreferredWrittenCommunicationFormat",
          "valueCodeableConcept": {
            "coding": [
              {
                "system": "https://fhir.hl7.org.uk/CodeSystem/UKCore-PreferredWrittenCommunicationFormat",
                "code": "11",
                "display": "Large print"
              }
            ]
          }
        }
      ]
    }
  ]
}