{
  "resourceType": "Patient",
  "id": "UKCore-Patient-RichardSmith-Example",
  "meta": {
    "profile": [
      "https://fhir.hl7.org.uk/StructureDefinition/UKCore-Patient"
    ]
  },
  "extension": [
    {
      "url": "https://fhir.hl7.org.uk/StructureDefinition/Extension-UKCore-EthnicCategory",
      "valueCodeableConcept": {
        "coding": [
          {
            "system": "https://fhir.hl7.org.uk/CodeSystem/UKCore-EthnicCategory",
            "code": "A",
            "display": "British, Mixed British"
          }
        ]
      }
    },
    {
      "url": "https://fhir.hl7.org.uk/StructureDefinition/Extension-UKCore-NHSCommunication",
      "extension": [
        {
          "url": "language",
          "valueCodeableConcept": {
            "coding": [
              {
                "system": "https://fhir.hl7.org.uk/CodeSystem/UKCore-HumanLanguage",
                "code": "en",
                "display": "English"
              }
            ]
          }
        }
      ]
    }
  ],
  "identifier": [
    {
      "extension": [
        {
          "url": "https://fhir.hl7.org.uk/StructureDefinition/Extension-UKCore-NHSNumberVerificationStatus",
          "valueCodeableConcept": {
            "coding": [
              {
                "system": "https://fhir.hl7.org.uk/CodeSystem/UKCore-NHSNumberVerificationStatus",
                "code": "01",
                "display": "Number present and verified"
              }
            ]
          }
        }
      ],
      "system": "https://fhir.nhs.uk/Id/nhs-number",
      "value": "9912003888"
    }
  ],
  "name": [
    {
      "use": "official",
      "family": "SMITH",
      "given": [
        "Richard"
      ]
    }
  ],
  "telecom": [
    {
      "system": "phone",
      "value": "01131231234"
    }
  ],
  "gender": "male",
  "birthDate": "1970-09-11",
  "_birthDate": {
    "extension": [
      {
        "url": "http://hl7.org/fhir/StructureDefinition/patient-birthTime",
        "valueDateTime": "1970-09-11T13:46:00+00:00"
      }
    ]
  },
  "address": [
    {
      "line": [
        "4 Sandmoor Drive",
        "LEEDS"
      ],
      "postalCode": "LS17 7DF"
    }
  ]
}