{
  "resourceType": "RelatedPerson",
  "id": "UKCore-RelatedPerson-JoySmith-Example",
  "meta": {
    "profile": [
      "https://fhir.hl7.org.uk/StructureDefinition/UKCore-RelatedPerson"
    ]
  },
  "patient": {
    "reference": "Patient/UKCore-Patient-RichardSmith-Example"
  },
  "relationship": [
    {
      "coding": [
        {
          "system": "http://terminology.hl7.org/CodeSystem/v3-RoleCode",
          "code": "WIFE",
          "display": "wife"
        }
      ]
    }
  ],
  "name": [
    {
      "use": "official",
      "family": "SMITH",
      "given": [
        "Joy"
      ]
    }
  ]
}